<?xml version="1.0" encoding="UTF-8"?>
<sco>
	<page title="Introduction" fileName="page_66.txt" type="Information" id="66" contribute="n" contributeScore="100" contributePercentage="100" nav="n" template="grid3525" optimised="true" index="0"/>
	<page title="Learning outcomes" fileName="Introduction.html" type="Information" id="1" contribute="n" contributeScore="99" contributePercentage="100" nav="n" template="grid1212l" optimised="true" index="1"/>
	<page title="1. The purpose of a patient health record" fileName="page_58.txt" type="Information" id="58" contribute="n" contributeScore="100" contributePercentage="100" nav="n" template="grid3414" optimised="true" index="2">
		<page title="consultation notes" fileName="parsepage_65.txt" type="Information" id="65" contribute="n" contributeScore="100" contributePercentage="100" nav="n" template="" optimised="false" index="3"/>
	</page>
	<page title="2. Approved identifiers to match patients with their records" fileName="page_59.txt" type="Information" id="59" contribute="n" contributeScore="100" contributePercentage="100" nav="n" template="grid3414" optimised="true" index="4"/>
	<page title="3. Privacy policy, confidentiality and the Australian Privacy Principles" fileName="page_60.txt" type="Information" id="60" contribute="n" contributeScore="100" contributePercentage="100" nav="n" template="grid3525" optimised="true" index="5">
		<page title="Part 1: Consideration of personal information" fileName="parsepage_60_0.txt" type="Information" id="68" contribute="n" contributeScore="100" contributePercentage="100" nav="n" template="" optimised="false" index="6"/>
		<page title="Part 2: Collection of personal information" fileName="parsepage_60_1.txt" type="Information" id="70" contribute="n" contributeScore="100" contributePercentage="100" nav="n" template="" optimised="false" index="7"/>
		<page title="Part 3: Dealing with personal information" fileName="parsepage_60_2.txt" type="Information" id="72" contribute="n" contributeScore="100" contributePercentage="100" nav="n" template="" optimised="false" index="8"/>
		<page title="Part 4: Integrity of personal information" fileName="parsepage_60_3.txt" type="Information" id="74" contribute="n" contributeScore="100" contributePercentage="100" nav="n" template="" optimised="false" index="9"/>
		<page title="Part 5: Access to, and correction of, personal information" fileName="parsepage_60_4.txt" type="Information" id="76" contribute="n" contributeScore="100" contributePercentage="100" nav="n" template="" optimised="false" index="10"/>
	</page>
	<page title="4. Maintaining physical security of paper-based records and electronic records" fileName="page_61.txt" type="Information" id="61" contribute="n" contributeScore="100" contributePercentage="100" nav="n" template="grid1212l" optimised="true" index="11"/>
	<page title="5. Access to health records by patients" fileName="page_62.txt" type="Information" id="62" contribute="n" contributeScore="100" contributePercentage="100" nav="n" template="grid3414" optimised="true" index="12"/>
	<page title="6. Transfer or provision of records to third parties" fileName="page_63.txt" type="Information" id="63" contribute="n" contributeScore="100" contributePercentage="100" nav="n" template="grid3414" optimised="true" index="13"/>
	<page title="7. The use of the My Health Record" fileName="page_64.txt" type="Information" id="64" contribute="n" contributeScore="100" contributePercentage="100" nav="n" template="grid3525" optimised="true" index="14"/>
	<page title="Quiz" fileName="Quiz_1.html" type="Test" id="8" contribute="p" contributeScore="80" contributePercentage="100" nav="n" template="" optimised="false" index="15"/>
	<page title="Course completion" fileName="Summary.html" type="Summary" id="56" contribute="n" contributeScore="100" contributePercentage="100" nav="n" template="" optimised="false" index="16"/>
</sco>
