﻿<?xml version="1.0" encoding="UTF-8"?>
<test id="" showStatus="true" timeLimit="0" maxAttempts="0">
<quizTitle><![CDATA[]]></quizTitle>
<introduction><![CDATA[To navigate between quiz questions, click through the links to the right or use the buttons below each question. Please note that you will need to achieve a pass mark of 80% or higher to complete the module.<br><br>When ready, click the 'Start Test' button below to begin the quiz.<br><br>]]></introduction>
<passedMessage><![CDATA[You have passed the test with a score of %%score.]]></passedMessage>
<failedMessage><![CDATA[You have failed the test with a score of %%score.]]></failedMessage>
<incompleteMessage><![CDATA[You have not completed the test.]]></incompleteMessage>
<completedMessage><![CDATA[The test is complete.]]></completedMessage>
<attemptsMessage><![CDATA[]]></attemptsMessage>
<maxAttemptsReachedMessage><![CDATA[]]></maxAttemptsReachedMessage>
<indexLayout>vertical</indexLayout>
<revealAnswers>pass</revealAnswers>
<restartable>false</restartable>
<checkQuestionVisible>false</checkQuestionVisible>
<exitButton visible="true"><![CDATA[Exit Quiz and Continue Module]]></exitButton>
<questionPool deliver="all" order="shuffle">
<question id="q0.0" type="QuestionFillIn" randomize="false" layout="stack">
<prompt><![CDATA[Enter the question text here]]></prompt>
<choice><![CDATA[Distractor 1]]></choice>
<choice><![CDATA[Distractor 2]]></choice>
<choice><![CDATA[Distractor 3]]></choice>
<feedbackCorrect><![CDATA[]]></feedbackCorrect>
<feedbackIncorrect><![CDATA[]]></feedbackIncorrect>
<review><![CDATA[]]></review>
</question>
<question id="q0.1" type="QuestionMatching" randomize="false" layout="stack">
<prompt><![CDATA[Enter the question text here]]></prompt>
<choiceA><![CDATA[Item text]]></choiceA>
<choiceB><![CDATA[Match text]]></choiceB>
<feedbackCorrect><![CDATA[]]></feedbackCorrect>
<feedbackIncorrect><![CDATA[]]></feedbackIncorrect>
<review><![CDATA[]]></review>
</question>
<question id="q0.2" type="QuestionTF" randomize="false" layout="stack">
<prompt><![CDATA[Enter the question text here]]></prompt>
<choice correct="true"><![CDATA[Distractor 1]]></choice>
<choice><![CDATA[Distractor 2]]></choice>
<choice><![CDATA[Distractor 3]]></choice>
<feedbackCorrect><![CDATA[]]></feedbackCorrect>
<feedbackIncorrect><![CDATA[]]></feedbackIncorrect>
<review><![CDATA[]]></review>
</question>
<question id="q0.3" type="QuestionChoice" randomize="false" layout="stack">
<prompt><![CDATA[Enter the question text here]]></prompt>
<choice correct="true"><![CDATA[Distractor 1]]></choice>
<choice><![CDATA[Distractor 2]]></choice>
<choice><![CDATA[Distractor 3]]></choice>
<feedback><![CDATA[]]></feedback>
<feedback><![CDATA[]]></feedback>
<feedback><![CDATA[]]></feedback>
<feedbackCorrect><![CDATA[]]></feedbackCorrect>
<feedbackIncorrect><![CDATA[]]></feedbackIncorrect>
<review><![CDATA[]]></review>
</question>
<question id="q0.4" type="QuestionChoiceMultiple" randomize="false" layout="stack">
<prompt><![CDATA[Enter the question text here]]></prompt>
<choice correct="true"><![CDATA[Distractor 1]]></choice>
<choice><![CDATA[Distractor 2]]></choice>
<choice><![CDATA[Distractor 3]]></choice>
<feedbackCorrect><![CDATA[]]></feedbackCorrect>
<feedbackIncorrect><![CDATA[]]></feedbackIncorrect>
<review><![CDATA[]]></review>
</question>
<question id="q0.5" type="QuestionRankInOrder" randomize="false" layout="stack">
<prompt><![CDATA[Enter the question text here]]></prompt>
<choice><![CDATA[Distractor 1]]></choice>
<choice><![CDATA[Distractor 2]]></choice>
<choice><![CDATA[Distractor 3]]></choice>
<feedbackCorrect><![CDATA[]]></feedbackCorrect>
<feedbackIncorrect><![CDATA[]]></feedbackIncorrect>
<review><![CDATA[]]></review>
</question>
<question id="q0.6" type="QuestionDragToList" randomize="false" layout="stack">
<prompt><![CDATA[Enter the question text here]]></prompt>
<choice><![CDATA[Distractor 1]]></choice>
<choice><![CDATA[Distractor 2]]></choice>
<choice><![CDATA[Distractor 3]]></choice>
<feedbackCorrect><![CDATA[]]></feedbackCorrect>
<feedbackIncorrect><![CDATA[]]></feedbackIncorrect>
<review><![CDATA[]]></review>
</question>
</questionPool>
</test>