﻿<?xml version="1.0" encoding="UTF-8"?>
<test id="" showStatus="true" timeLimit="0" maxAttempts="3">
<quizTitle><![CDATA[]]></quizTitle>
<introduction><![CDATA[To navigate between test questions, click through the links to the right or use the buttons below each question. Please note that you will need to achieve a pass mark of 80% or higher to complete the module.<br><br>When ready, click the 'Start Test' button below to begin the quiz.<br><br>]]></introduction>
<passedMessage><![CDATA[You have passed the test with a score of %%score.]]></passedMessage>
<failedMessage><![CDATA[You have failed the test with a score of %%score.]]></failedMessage>
<incompleteMessage><![CDATA[You have not completed the test.]]></incompleteMessage>
<completedMessage><![CDATA[The test is complete.]]></completedMessage>
<attemptsMessage><![CDATA[]]></attemptsMessage>
<maxAttemptsReachedMessage><![CDATA[]]></maxAttemptsReachedMessage>
<indexLayout>vertical</indexLayout>
<revealAnswers>pass</revealAnswers>
<restartable>false</restartable>
<checkQuestionVisible>false</checkQuestionVisible>
<exitButton visible="true"><![CDATA[Exit Quiz and Continue Module]]></exitButton>
<questionPool deliver="all" order="shuffle">
<question id="q0.0" type="QuestionChoice" randomize="true" layout="stack">
<prompt><![CDATA[The primary purpose of a patient health record is to:]]></prompt>
<choice><![CDATA[identify a person accurately, store the patient's Medicare number, record symptoms and diagnosis, support diagnosis]]></choice>
<choice><![CDATA[record symptoms and diagnosis, support diagnosis, justify management decisions, record the patient's phone number]]></choice>
<choice><![CDATA[record symptoms and signs, record the patient’s next of kin, support diagnosis, justify management decisions]]></choice>
<choice correct="true"><![CDATA[identify a person accurately, record symptoms and signs, support diagnosis, justify management decisions]]></choice>
<feedback><![CDATA[]]></feedback>
<feedback><![CDATA[]]></feedback>
<feedback><![CDATA[]]></feedback>
<feedback><![CDATA[]]></feedback>
<feedbackCorrect><![CDATA[]]></feedbackCorrect>
<feedbackIncorrect><![CDATA[]]></feedbackIncorrect>
<review><![CDATA[]]></review>
</question>
<question id="q0.1" type="QuestionChoiceMultiple" randomize="true" layout="stack">
<prompt><![CDATA[Which forms of patient contact should be included in the patient health record? (Select all that apply):]]></prompt>
<choice correct="true"><![CDATA[electronic contact]]></choice>
<choice correct="true"><![CDATA[home visits]]></choice>
<choice correct="true"><![CDATA[after-hours care by third party provider]]></choice>
<choice correct="true"><![CDATA[telephone contact]]></choice>
<feedbackCorrect><![CDATA[]]></feedbackCorrect>
<feedbackIncorrect><![CDATA[]]></feedbackIncorrect>
<review><![CDATA[]]></review>
</question>
<question id="q0.2" type="QuestionChoice" randomize="true" layout="stack">
<prompt><![CDATA[Every patient encounter should include the use of three (3) approved patient identifiers. Three approved identifiers are:]]></prompt>
<choice correct="true"><![CDATA[patient name (family and given names), date of birth, address]]></choice>
<choice><![CDATA[patient name (family and given names), date of birth, phone number]]></choice>
<choice><![CDATA[gender (as identified by the patient themselves), address, next of kin]]></choice>
<choice><![CDATA[patient name (family and given names), address, Medicare number]]></choice>
<feedback><![CDATA[]]></feedback>
<feedback><![CDATA[]]></feedback>
<feedback><![CDATA[]]></feedback>
<feedback><![CDATA[]]></feedback>
<feedbackCorrect><![CDATA[]]></feedbackCorrect>
<feedbackIncorrect><![CDATA[]]></feedbackIncorrect>
<review><![CDATA[]]></review>
</question>
<question id="q0.3" type="QuestionChoice" randomize="true" layout="stack">
<prompt><![CDATA[Information about the application of the Privacy Act and its amendments is available from:]]></prompt>
<choice correct="true"><![CDATA[Office of the Australian Information Commissioner, Australian Privacy Principles]]></choice>
<choice><![CDATA[Consumer Affairs, Office of the Australian Information Commissioner]]></choice>
<choice><![CDATA[Health Complaints Commission, Australian Privacy Principles]]></choice>
<choice><![CDATA[Medicare, Office of the Australian Information Commissioner ]]></choice>
<feedback><![CDATA[]]></feedback>
<feedback><![CDATA[]]></feedback>
<feedback><![CDATA[]]></feedback>
<feedback><![CDATA[]]></feedback>
<feedbackCorrect><![CDATA[]]></feedbackCorrect>
<feedbackIncorrect><![CDATA[]]></feedbackIncorrect>
<review><![CDATA[]]></review>
</question>
<question id="q0.4" type="QuestionChoice" randomize="true" layout="stack">
<prompt><![CDATA[How do you ensure the privacy of hard copies of patient medical records or clinical correspondence is maintained?]]></prompt>
<choice correct="true"><![CDATA[Ensure that the patient's details are not visible and that the records are kept in an area inaccessible to members of the public.]]></choice>
<choice><![CDATA[Turn over the files but keep them handy for the practitioner to access.]]></choice>
<choice><![CDATA[Put the material on the practitioner's desk in the consulting room.]]></choice>
<feedback><![CDATA[]]></feedback>
<feedback><![CDATA[]]></feedback>
<feedback><![CDATA[]]></feedback>
<feedbackCorrect><![CDATA[]]></feedbackCorrect>
<feedbackIncorrect><![CDATA[]]></feedbackIncorrect>
<review><![CDATA[]]></review>
</question>
<question id="q0.5" type="QuestionChoice" randomize="true" layout="stack">
<prompt><![CDATA[NOTE: If your practice does not use electronic health records, this question should still be answered.<br><br>Practices using electronic patient health records should implement access controls by:]]></prompt>
<choice><![CDATA[assigning levels of access according to the position/role of the person]]></choice>
<choice><![CDATA[allowing access to the whole patient health record and having a signed confidentiality agreement in place]]></choice>
<choice correct="true"><![CDATA[assigning levels of access according to the position/role of the person and having a signed confidentiality agreement in place]]></choice>
<choice><![CDATA[having one person log in for all users]]></choice>
<feedback><![CDATA[]]></feedback>
<feedback><![CDATA[]]></feedback>
<feedback><![CDATA[]]></feedback>
<feedback><![CDATA[]]></feedback>
<feedbackCorrect><![CDATA[]]></feedbackCorrect>
<feedbackIncorrect><![CDATA[]]></feedbackIncorrect>
<review><![CDATA[]]></review>
</question>
<question id="q0.6" type="QuestionChoiceMultiple" randomize="true" layout="stack">
<prompt><![CDATA[The following procedures apply for patients requesting access to their health records. (Select all that apply):]]></prompt>
<choice correct="true"><![CDATA[Document the patient’s request, completing a Request for Access form, if applicable.]]></choice>
<choice correct="true"><![CDATA[Use at least three approved identifiers to confirm patient’s identification.]]></choice>
<choice correct="true"><![CDATA[Forward request to the practitioner to review the file and check for exemptions.]]></choice>
<choice correct="true"><![CDATA[Complete the request in a timely manner.]]></choice>
<feedbackCorrect><![CDATA[]]></feedbackCorrect>
<feedbackIncorrect><![CDATA[]]></feedbackIncorrect>
<review><![CDATA[]]></review>
</question>
<question id="q0.7" type="QuestionChoiceMultiple" randomize="true" layout="stack">
<prompt><![CDATA[The following procedures apply for third parties requesting access to a patient’s health record. (Select all that apply):]]></prompt>
<choice correct="true"><![CDATA[Document the request.]]></choice>
<choice correct="true"><![CDATA[Ensure the patient’s consent is received.]]></choice>
<choice correct="true"><![CDATA[Confirm which parts of the health record are required.]]></choice>
<choice correct="true"><![CDATA[Forward request to the practitioner to review the file and check for exemptions.]]></choice>
<choice correct="true"><![CDATA[Document details of the information provided.]]></choice>
<feedbackCorrect><![CDATA[]]></feedbackCorrect>
<feedbackIncorrect><![CDATA[]]></feedbackIncorrect>
<review><![CDATA[]]></review>
</question>
<question id="q0.8" type="QuestionChoiceMultiple" randomize="true" layout="stack">
<prompt><![CDATA[The following procedures apply for requests to transfer a patient’s health record. (Select all that apply):]]></prompt>
<choice correct="true"><![CDATA[Ensure the patient’s consent is received]]></choice>
<choice correct="true"><![CDATA[Document the request in the patient’s health records]]></choice>
<choice correct="true"><![CDATA[Document the details of where and when the information was sent]]></choice>
<choice correct="true"><![CDATA[Document the practitioner who authorised the transfer]]></choice>
<feedbackCorrect><![CDATA[]]></feedbackCorrect>
<feedbackIncorrect><![CDATA[]]></feedbackIncorrect>
<review><![CDATA[]]></review>
</question>
<question id="q0.9" type="QuestionChoice" randomize="true" layout="stack">
<prompt><![CDATA[My Health Record is:]]></prompt>
<choice><![CDATA[the practice’s system where all a patient’s health information is stored from all healthcare professionals they attend]]></choice>
<choice><![CDATA[a USB drive with a patient’s health information that they bring to each consultation]]></choice>
<choice correct="true"><![CDATA[a secure online summary of a person’s health information managed by the Australian Digital Health Agency]]></choice>
<choice><![CDATA[another name for the practice’s clinical software package]]></choice>
<feedback><![CDATA[]]></feedback>
<feedback><![CDATA[]]></feedback>
<feedback><![CDATA[]]></feedback>
<feedback><![CDATA[]]></feedback>
<feedbackCorrect><![CDATA[]]></feedbackCorrect>
<feedbackIncorrect><![CDATA[]]></feedbackIncorrect>
<review><![CDATA[]]></review>
</question>
</questionPool>
</test>