<?xml version="1.0" encoding="UTF-8"?>
<sco>
	<page title="Introduction" fileName="Introduction.html" type="Information" id="1" contribute="n" contributeScore="99" contributePercentage="100" nav="n" template="grid3525" optimised="false"/>
	<page title="Definitions of 'first aid'" fileName="newFile58.html" type="Information" id="58" contribute="n" contributeScore="100" contributePercentage="100" nav="n" template="grid1212l" optimised="false"/>
	<page title="The aims of first aid" fileName="page_59.txt" type="Information" id="59" contribute="n" contributeScore="100" contributePercentage="100" nav="n" template="grid3525" optimised="false"/>
	<page title="Roles of a first aider" fileName="page_60.txt" type="Information" id="60" contribute="n" contributeScore="100" contributePercentage="100" nav="n" template="grid1212l" optimised="false"/>
	<page title="Calling for emergency help" fileName="page_61.txt" type="Information" id="61" contribute="n" contributeScore="100" contributePercentage="100" nav="n" template="grid1212l" optimised="false">
		<page title="United Kingdom" fileName="parsepage_61_0.txt" type="Information" id="67" contribute="n" contributeScore="100" contributePercentage="100" nav="n" template="" optimised="false"/>
		<page title="United States" fileName="parsepage_61_1.txt" type="Information" id="69" contribute="n" contributeScore="100" contributePercentage="100" nav="n" template="" optimised="false"/>
		<page title="European Union" fileName="parsepage_61_2.txt" type="Information" id="71" contribute="n" contributeScore="100" contributePercentage="100" nav="n" template="" optimised="false"/>
		<page title="Other countries" fileName="parsepage_61_3.txt" type="Information" id="73" contribute="n" contributeScore="100" contributePercentage="100" nav="n" template="" optimised="false"/>
	</page>
	<page title="Managing an incident" fileName="page_62.txt" type="Information" id="62" contribute="n" contributeScore="100" contributePercentage="100" nav="n" template="grid1212l" optimised="false"/>
	<page title="Exercise: incident management" fileName="page_63.txt" type="Information" id="63" contribute="n" contributeScore="100" contributePercentage="100" nav="n" template="" optimised="false"/>
	<page title="Basic infection control" fileName="page_64.txt" type="Information" id="64" contribute="n" contributeScore="100" contributePercentage="100" nav="n" template="" optimised="false"/>
	<page title="Handwashing" fileName="page_65.txt" type="Information" id="65" contribute="n" contributeScore="100" contributePercentage="100" nav="n" template="" optimised="false">
		<page title="Part 1" fileName="parsepage_65_0.txt" type="Information" id="77" contribute="n" contributeScore="100" contributePercentage="100" nav="n" template="" optimised="false"/>
		<page title="Part 2" fileName="parsepage_65_1.txt" type="Information" id="79" contribute="n" contributeScore="100" contributePercentage="100" nav="n" template="" optimised="false"/>
	</page>
	<page title="Sample SCORM interactions" fileName="page_80.txt" type="Information" id="80" contribute="n" contributeScore="100" contributePercentage="100" nav="n" template="grid3414" optimised="false">
		<page title="Sample SCORM interactions 2" fileName="page_74.txt" type="Information" id="74" contribute="n" contributeScore="100" contributePercentage="100" nav="n" template="grid3414" optimised="false"/>
		<page title="Sample SCORM interactions 3" fileName="page_75.txt" type="Information" id="75" contribute="n" contributeScore="100" contributePercentage="100" nav="n" template="grid3414" optimised="false"/>
		<page title="Sample SCORM interactions 4" fileName="page_81.txt" type="Information" id="81" contribute="n" contributeScore="100" contributePercentage="100" nav="n" template="grid3414" optimised="false"/>
	</page>
	<page title="Final Quiz" fileName="Quiz_1.html" type="Quiz" id="8" contribute="p" contributeScore="50" contributePercentage="100" nav="n" template="" optimised="false"/>
	<page title="Summary" fileName="Summary.html" type="Summary" id="56" contribute="n" contributeScore="100" contributePercentage="100" nav="n" template="" optimised="false"/>
</sco>
