<?xml version="1.0" encoding="UTF-8"?>
<sco>
	<page title="Introduction" fileName="Introduction.html" type="Information" id="1" contribute="n" contributeScore="99" contributePercentage="100" nav="n" template="grid3525" optimised="false"/>
	<page title="Definitions of 'first aid'" fileName="page_58.txt" type="Information" id="58" contribute="n" contributeScore="100" contributePercentage="100" nav="n" template="grid1212l" optimised="false"/>
	<page title="The aims of first aid" fileName="page_60.txt" type="Information" id="60" contribute="n" contributeScore="100" contributePercentage="100" nav="n" template="grid3525" optimised="false"/>
	<page title="Roles of a first aider" fileName="page_61.txt" type="Information" id="61" contribute="n" contributeScore="100" contributePercentage="100" nav="n" template="grid1212l" optimised="false"/>
	<page title="Calling for emergency help" fileName="page_62.txt" type="Information" id="62" contribute="n" contributeScore="100" contributePercentage="100" nav="n" template="grid1212l" optimised="false">
		<page title="United Kingdom" fileName="parsepage_62_0.txt" type="Information" id="72" contribute="n" contributeScore="100" contributePercentage="100" nav="n" template="" optimised="false"/>
		<page title="United States" fileName="parsepage_62_1.txt" type="Information" id="74" contribute="n" contributeScore="100" contributePercentage="100" nav="n" template="" optimised="false"/>
		<page title="European Union" fileName="parsepage_62_2.txt" type="Information" id="76" contribute="n" contributeScore="100" contributePercentage="100" nav="n" template="" optimised="false"/>
		<page title="Other countries" fileName="parsepage_62_3.txt" type="Information" id="78" contribute="n" contributeScore="100" contributePercentage="100" nav="n" template="" optimised="false"/>
	</page>
	<page title="Managing an incident" fileName="page_64.txt" type="Information" id="64" contribute="n" contributeScore="100" contributePercentage="100" nav="n" template="grid1212l" optimised="false"/>
	<page title="Exercise: incident management" fileName="page_68.txt" type="Information" id="68" contribute="n" contributeScore="100" contributePercentage="100" nav="n" template="" optimised="false"/>
	<page title="Basic infection control" fileName="page_69.txt" type="Information" id="69" contribute="n" contributeScore="100" contributePercentage="100" nav="n" template="" optimised="false"/>
	<page title="Handwashing" fileName="page_70.txt" type="Information" id="70" contribute="n" contributeScore="100" contributePercentage="100" nav="n" template="" optimised="false">
		<page title="Part 1" fileName="parsepage_70_0.txt" type="Information" id="87" contribute="n" contributeScore="100" contributePercentage="100" nav="n" template="" optimised="false"/>
		<page title="Part 2" fileName="parsepage_70_1.txt" type="Information" id="89" contribute="n" contributeScore="100" contributePercentage="100" nav="n" template="" optimised="false"/>
	</page>
	<page title="Sample SCORM interactions" fileName="page_90.txt" type="Information" id="90" contribute="n" contributeScore="100" contributePercentage="100" nav="n" template="grid3414" optimised="false">
		<page title="Sample SCORM interactions 2" fileName="page_84.txt" type="Information" id="84" contribute="n" contributeScore="100" contributePercentage="100" nav="n" template="grid3414" optimised="false"/>
		<page title="Sample SCORM interactions 3" fileName="page_85.txt" type="Information" id="85" contribute="n" contributeScore="100" contributePercentage="100" nav="n" template="grid3414" optimised="false"/>
		<page title="Sample SCORM interactions 4" fileName="page_91.txt" type="Information" id="91" contribute="n" contributeScore="100" contributePercentage="100" nav="n" template="" optimised="false"/>
	</page>
	<page title="Final Quiz" fileName="page_83.txt" type="Quiz" id="83" contribute="p" contributeScore="50" contributePercentage="100" nav="n" template="" optimised="false"/>
	<page title="Summary" fileName="Summary.html" type="Summary" id="56" contribute="n" contributeScore="100" contributePercentage="100" nav="n" template="" optimised="false"/>
</sco>
