﻿<?xml version="1.0" encoding="UTF-8"?>
<test id="" showStatus="true" timeLimit="0" maxAttempts="0">
<quizTitle><![CDATA[]]></quizTitle>
<introduction><![CDATA[To navigate between quiz questions, click through the links to the right or use the buttons below each question. Check your answers as you go using the 'Check Answer' button. When ready, click the 'Start Quiz' button below to begin.]]></introduction>
<passedMessage><![CDATA[You have passed the test with a score of %%score.]]></passedMessage>
<failedMessage><![CDATA[You have failed the test with a score of %%score.]]></failedMessage>
<incompleteMessage><![CDATA[You have not completed the test.]]></incompleteMessage>
<completedMessage><![CDATA[The test is complete.]]></completedMessage>
<attemptsMessage><![CDATA[]]></attemptsMessage>
<maxAttemptsReachedMessage><![CDATA[]]></maxAttemptsReachedMessage>
<indexLayout>vertical</indexLayout>
<revealAnswers>always</revealAnswers>
<restartable>false</restartable>
<checkQuestionVisible>false</checkQuestionVisible>
<exitButton visible=""><![CDATA[]]></exitButton>
<questionPool deliver="all" order="natural">
<question id="q0.0" type="QuestionFillIn" randomize="false" layout="stack">
<prompt><![CDATA[Type in the answer to the missing word. An open fracture is a fracture in which the bone is _______ as the skin is broken.]]></prompt>
<choice><![CDATA[exposed]]></choice>
<choice><![CDATA[Exposed]]></choice>
<feedbackCorrect><![CDATA[]]></feedbackCorrect>
<feedbackIncorrect><![CDATA[]]></feedbackIncorrect>
<review><![CDATA[]]></review>
</question>
<question id="q0.1" type="QuestionMatching" randomize="false" layout="stack">
<prompt><![CDATA[Drag and drop to arrange choices to their matching answers.]]></prompt>
<choiceA><![CDATA[Stroke]]></choiceA>
<choiceA><![CDATA[Shock]]></choiceA>
<choiceA><![CDATA[Faint]]></choiceA>
<choiceB><![CDATA[Blood clot in an artery in the brain]]></choiceB>
<choiceB><![CDATA[Severe blood loss]]></choiceB>
<choiceB><![CDATA[A brief loss of consciousness]]></choiceB>
<feedbackCorrect><![CDATA[]]></feedbackCorrect>
<feedbackIncorrect><![CDATA[]]></feedbackIncorrect>
<review><![CDATA[]]></review>
</question>
<question id="q0.2" type="QuestionTF" randomize="false" layout="stack">
<prompt><![CDATA[A casualty with a severe allergy should carry an Epipen at all times.]]></prompt>
<choice correct="true"><![CDATA[True]]></choice>
<choice><![CDATA[False]]></choice>
<feedbackCorrect><![CDATA[]]></feedbackCorrect>
<feedbackIncorrect><![CDATA[]]></feedbackIncorrect>
<review><![CDATA[]]></review>
</question>
<question id="q0.3" type="QuestionChoice" randomize="true" layout="stack">
<prompt><![CDATA[Which test should you use if you suspect that a casualty has had a stroke?]]></prompt>
<choice correct="true"><![CDATA[Face, Arms, Speech, Test]]></choice>
<choice><![CDATA[Alert, Voice, Pain, Unresponsive]]></choice>
<choice><![CDATA[Response, Airway, Breathing, Circulation]]></choice>
<choice><![CDATA[Pulse, Respiratory Rate, Temperature]]></choice>
<feedback><![CDATA[]]></feedback>
<feedback><![CDATA[]]></feedback>
<feedback><![CDATA[]]></feedback>
<feedback><![CDATA[]]></feedback>
<feedbackCorrect><![CDATA[]]></feedbackCorrect>
<feedbackIncorrect><![CDATA[]]></feedbackIncorrect>
<review><![CDATA[]]></review>
</question>
<question id="q0.4" type="QuestionChoiceMultiple" randomize="false" layout="stack">
<prompt><![CDATA[Which of the following does NOT cause a stroke? Please select all that apply.]]></prompt>
<choice><![CDATA[A blood clot in an artery in the brain]]></choice>
<choice correct="true"><![CDATA[A blood clot in an artery in the heart]]></choice>
<choice correct="true"><![CDATA[A blood clot in an artery in the leg]]></choice>
<choice correct="true"><![CDATA[A blood clot in an artery in the arm]]></choice>
<feedbackCorrect><![CDATA[]]></feedbackCorrect>
<feedbackIncorrect><![CDATA[]]></feedbackIncorrect>
<review><![CDATA[]]></review>
</question>
<question id="q0.5" type="QuestionRankInOrder" randomize="false" layout="stack">
<prompt><![CDATA[Arrange the numbers in order from highest to lowest (highest at top, lowest at bottom)]]></prompt>
<choice><![CDATA[100]]></choice>
<choice><![CDATA[50]]></choice>
<choice><![CDATA[25]]></choice>
<feedbackCorrect><![CDATA[]]></feedbackCorrect>
<feedbackIncorrect><![CDATA[]]></feedbackIncorrect>
<review><![CDATA[]]></review>
</question>
<question id="q0.6" type="QuestionDragToList" randomize="false" layout="stack">
<prompt><![CDATA[Drag and drop choices into their corresponding groups.]]></prompt>
<choice list="Group 1"><![CDATA[This goes into Group 1]]></choice>
<choice list="Group 1"><![CDATA[This also goes into Group 1]]></choice>
<choice list="Group 2"><![CDATA[This goes into Group 2]]></choice>
<choice list="Group 2"><![CDATA[This also goes into Group 2]]></choice>
<feedbackCorrect><![CDATA[]]></feedbackCorrect>
<feedbackIncorrect><![CDATA[]]></feedbackIncorrect>
<review><![CDATA[]]></review>
</question>
</questionPool>
</test>