{
    "images": [
        {
            "name": "220px-Lynx_lynx_poing crop.jpg",
            "ext": "jpg",
            "width": 172,
            "height": 172
        },
        {
            "name": "850width.jpg",
            "ext": "jpg",
            "width": 200,
            "height": 850
        },
        {
            "name": "button_1.png",
            "ext": "png",
            "width": 70,
            "height": 70
        },
        {
            "name": "button_2.png",
            "ext": "png",
            "width": 70,
            "height": 70
        },
        {
            "name": "button_3.png",
            "ext": "png",
            "width": 70,
            "height": 70
        },
        {
            "name": "header_bg.png",
            "ext": "png",
            "width": 1000,
            "height": 268
        },
        {
            "name": "image1_resize.jpg",
            "ext": "jpg",
            "width": 380,
            "height": 250
        },
        {
            "name": "image43_resize.jpg",
            "ext": "jpg",
            "width": 233,
            "height": 350
        },
        {
            "name": "Lynx_lynx_poing.jpg",
            "ext": "jpg",
            "width": 533,
            "height": 800
        },
        {
            "name": "manageMedia.png",
            "ext": "png",
            "width": 1040,
            "height": 710
        },
        {
            "name": "module 3 header (gathering diagnostic information).jpg",
            "ext": "jpg",
            "width": 1000,
            "height": 104
        },
        {
            "name": "Optimusprime-originaltoy.jpg",
            "ext": "jpg",
            "width": 348,
            "height": 352
        },
        {
            "name": "shutterstock_107180162.jpg",
            "ext": "jpg",
            "width": 1000,
            "height": 664
        },
        {
            "name": "shutterstock_107180162_482_320.jpg",
            "ext": "jpg",
            "width": 482,
            "height": 320
        },
        {
            "name": "shutterstock_110397776.jpg",
            "ext": "jpg",
            "width": 500,
            "height": 375
        },
        {
            "name": "shutterstock_124855483.jpg",
            "ext": "jpg",
            "width": 172,
            "height": 172
        },
        {
            "name": "shutterstock_128374979.jpg",
            "ext": "jpg",
            "width": 1000,
            "height": 667
        },
        {
            "name": "shutterstock_139886506.jpg",
            "ext": "jpg",
            "width": 1000,
            "height": 667
        },
        {
            "name": "shutterstock_139886506_321_214.jpg",
            "ext": "jpg",
            "width": 321,
            "height": 214
        },
        {
            "name": "shutterstock_139886506_482_320.jpg",
            "ext": "jpg",
            "width": 482,
            "height": 320
        },
        {
            "name": "shutterstock_143987701.jpg",
            "ext": "jpg",
            "width": 662,
            "height": 1000
        },
        {
            "name": "shutterstock_198647318.jpg",
            "ext": "jpg",
            "width": 1000,
            "height": 664
        },
        {
            "name": "shutterstock_198647318_482_320.jpg",
            "ext": "jpg",
            "width": 482,
            "height": 320
        },
        {
            "name": "shutterstock_233351191.jpg",
            "ext": "jpg",
            "width": 1000,
            "height": 662
        },
        {
            "name": "shutterstock_41483629.jpg",
            "ext": "jpg",
            "width": 1000,
            "height": 695
        },
        {
            "name": "shutterstock_42935725.jpg",
            "ext": "jpg",
            "width": 802,
            "height": 1000
        },
        {
            "name": "test_image.jpg",
            "ext": "jpg",
            "width": 1042,
            "height": 1042
        },
        {
            "name": "test_image_small.jpg",
            "ext": "jpg",
            "width": 300,
            "height": 300
        },
        {
            "name": "test_image_xsmall.jpg",
            "ext": "jpg",
            "width": 150,
            "height": 150
        },
        {
            "name": "walrustusks_main_0719-400x226.jpg",
            "ext": "jpg",
            "width": 400,
            "height": 226
        }
    ]
}