{"references":[{"uniqueid":"aa7e7322","title":"Rehab nursing program","description":"","hyperlink":"ref://rehab%5Fnursing%5Fprogram%5Fbrochure.pdf"},{"uniqueid":"726821dc","title":"Finkelman, AW 2006, Leadership and management in nursing, Pearson Hall, Upper Saddle River, NJ.","description":"","hyperlink":"https://www.pearsonhighered.com/product/Finkelman-Leadership-and-Management-in-Nursing/9780131138698.html"},{"uniqueid":"a059b35f","title":"a","description":"","hyperlink":"#"},{"uniqueid":"8e0bd940","title":"irrationalbees bee","description":"","hyperlink":"#"}]}