{
    "images": [
        {
            "name": "1P.png",
            "ext": "png",
            "width": 80,
            "height": 80
        },
        {
            "name": "2P.png",
            "ext": "png",
            "width": 80,
            "height": 80
        },
        {
            "name": "3P.png",
            "ext": "png",
            "width": 80,
            "height": 80
        },
        {
            "name": "6370237-thin-ice-sign.jpg",
            "ext": "jpg",
            "width": 500,
            "height": 333
        },
        {
            "name": "AdobeStock_134779826_edited.png",
            "ext": "png",
            "width": 299,
            "height": 400
        },
        {
            "name": "AdobeStock_136931665_Edited.png",
            "ext": "png",
            "width": 210,
            "height": 420
        },
        {
            "name": "Handwashing_poster_WHO_1_small.jpg",
            "ext": "jpg",
            "width": 430,
            "height": 310
        },
        {
            "name": "Handwashing_poster_WHO_2_small.jpg",
            "ext": "jpg",
            "width": 430,
            "height": 311
        },
        {
            "name": "header.png",
            "ext": "png",
            "width": 1200,
            "height": 370
        },
        {
            "name": "Picture4.jpg",
            "ext": "jpg",
            "width": 409,
            "height": 271
        },
        {
            "name": "Picture8_vector.png",
            "ext": "png",
            "width": 600,
            "height": 600
        },
        {
            "name": "Picture8_vector_small.png",
            "ext": "png",
            "width": 200,
            "height": 200
        },
        {
            "name": "shutterstock_115926052.jpg",
            "ext": "jpg",
            "width": 427,
            "height": 295
        },
        {
            "name": "shutterstock_125449232.jpg",
            "ext": "jpg",
            "width": 1000,
            "height": 667
        },
        {
            "name": "shutterstock_153987467.png",
            "ext": "png",
            "width": 480,
            "height": 320
        },
        {
            "name": "shutterstock_153987515.png",
            "ext": "png",
            "width": 480,
            "height": 320
        },
        {
            "name": "shutterstock_163522550.jpg",
            "ext": "jpg",
            "width": 427,
            "height": 285
        }
    ]
}