<?xml version="1.0" encoding="UTF-8"?>
<test id="" showStatus="" timeLimit="0">
<introduction><![CDATA[To navigate between quiz questions, click through the links to the right or use the buttons below each question. Check your answers as you go using the 'Check Answer' button. When ready, click the 'Start Quiz' button below to begin.]]></introduction>
<passedMessage><![CDATA[You have passed the test with a score of %%score.]]></passedMessage>
<failedMessage><![CDATA[You have failed the test with a score of %%score.]]></failedMessage>
<incompleteMessage><![CDATA[You have not completed the test.]]></incompleteMessage>
<completedMessage><![CDATA[The test is complete.]]></completedMessage>
<attemptsMessage><![CDATA[]]></attemptsMessage>
<maxAttemptsReachedMessage><![CDATA[]]></maxAttemptsReachedMessage>
<indexLayout>vertical</indexLayout>
	<questionPool deliver="all">
		<question id="q0.0" type="QuestionTF" randomize="false" layout="stack">
		<prompt><![CDATA[One plus One is Two]]></prompt>
		<choice correct="true"><![CDATA[True]]></choice>
		<choice><![CDATA[False]]></choice>
		<feedbackCorrect><![CDATA[]]></feedbackCorrect>
		<feedbackIncorrect><![CDATA[]]></feedbackIncorrect>
		<review><![CDATA[]]></review>
		</question>
	</questionPool>
</test>