﻿<?xml version="1.0" encoding="UTF-8"?>
<test id="" showStatus="true" timeLimit="2" maxAttempts="1">
<quizTitle><![CDATA[]]></quizTitle>
<introduction><![CDATA[To navigate between quiz questions, click through the links to the right or use the buttons below each question. Check your answers as you go using the 'Check Answer' button. When ready, click the 'Start Quiz' button below to begin.]]></introduction>
<passedMessage><![CDATA[You have passed the test with a score of %%score.]]></passedMessage>
<failedMessage><![CDATA[You have failed the test with a score of %%score.]]></failedMessage>
<incompleteMessage><![CDATA[You have not completed the test.]]></incompleteMessage>
<completedMessage><![CDATA[The test is complete.]]></completedMessage>
<attemptsMessage><![CDATA[]]></attemptsMessage>
<maxAttemptsReachedMessage><![CDATA[]]></maxAttemptsReachedMessage>
<indexLayout>horizontal</indexLayout>
<revealAnswers>pass</revealAnswers>
<restartable>false</restartable>
<checkQuestionVisible>true</checkQuestionVisible>
<exitButton visible=""><![CDATA[]]></exitButton>
<questionPool deliver="all" order="natural">
<question id="q0.0" type="QuestionTF" randomize="false" layout="stack">
<prompt><![CDATA[One plus One is Two]]></prompt>
<choice correct="true"><![CDATA[True]]></choice>
<choice><![CDATA[False]]></choice>
<feedbackCorrect><![CDATA[Congrats, you answered the questions correctly!]]></feedbackCorrect>
<feedbackIncorrect><![CDATA[Sorry, you need to check the answers.]]></feedbackIncorrect>
<review><![CDATA[]]></review>
</question>
<question id="q0.1" type="QuestionFillIn" randomize="false" layout="stack">
<prompt><![CDATA[Complete the phrase: "Practice makes ______"]]></prompt>
<choice><![CDATA[also]]></choice>
<choice><![CDATA[perfect]]></choice>
<feedbackCorrect><![CDATA[Congrats, you answered the questions correctly!]]></feedbackCorrect>
<feedbackIncorrect><![CDATA[Sorry, you need to check the answers.]]></feedbackIncorrect>
<review><![CDATA[]]></review>
</question>
<question id="q0.2" type="QuestionMatching" randomize="false" layout="stack">
<prompt><![CDATA[Match the term to its opposite:]]></prompt>
<choiceA><![CDATA[Cat]]></choiceA>
<choiceA><![CDATA[Left]]></choiceA>
<choiceA><![CDATA[Summer]]></choiceA>
<choiceB><![CDATA[Dog]]></choiceB>
<choiceB><![CDATA[Right]]></choiceB>
<choiceB><![CDATA[Winter]]></choiceB>
<feedbackCorrect><![CDATA[Congrats, you answered the questions correctly!]]></feedbackCorrect>
<feedbackIncorrect><![CDATA[Sorry, you need to check the answers.]]></feedbackIncorrect>
<review><![CDATA[]]></review>
</question>
<question id="q0.3" type="QuestionChoice" randomize="false" layout="stack">
<prompt><![CDATA[What colour is the sky?]]></prompt>
<choice><![CDATA[Red]]></choice>
<choice correct="true"><![CDATA[Blue]]></choice>
<choice><![CDATA[Yellow]]></choice>
<choice><![CDATA[Green]]></choice>
<feedback><![CDATA[Feedback for items (usually blank)]]></feedback>
<feedback><![CDATA[Congrats, you answered the questions correctly!]]></feedback>
<feedback><![CDATA[Sorry, you need to check the answers.]]></feedback>
<feedback><![CDATA[Sorry, you need to check the answers.]]></feedback>
<feedbackCorrect><![CDATA[Congrats, you answered the questions correctly!]]></feedbackCorrect>
<feedbackIncorrect><![CDATA[Sorry, you need to check the answers.]]></feedbackIncorrect>
<review><![CDATA[]]></review>
</question>
<question id="q0.4" type="QuestionChoiceMultiple" randomize="true" layout="stack">
<prompt><![CDATA[Which animals are marsupials?]]></prompt>
<choice correct="true"><![CDATA[Kangaroo]]></choice>
<choice correct="true"><![CDATA[Echidna]]></choice>
<choice><![CDATA[Ostrich]]></choice>
<choice correct="true"><![CDATA[Possum]]></choice>
<feedbackCorrect><![CDATA[Congrats, you answered the questions correctly!]]></feedbackCorrect>
<feedbackIncorrect><![CDATA[Sorry, you need to check the answers.]]></feedbackIncorrect>
<review><![CDATA[]]></review>
</question>
<question id="q0.5" type="QuestionRankInOrder" randomize="false" layout="stack">
<prompt><![CDATA[Rank the following items in size from smallest to largest:]]></prompt>
<choice><![CDATA[$2 coin]]></choice>
<choice><![CDATA[Volkswagen Beetle]]></choice>
<choice><![CDATA[Blue Whale]]></choice>
<feedbackCorrect><![CDATA[Congrats, you answered the questions correctly!]]></feedbackCorrect>
<feedbackIncorrect><![CDATA[Sorry, you need to check the answers.]]></feedbackIncorrect>
<review><![CDATA[]]></review>
</question>
<question id="q0.6" type="QuestionDragToList" randomize="false" layout="stack">
<prompt><![CDATA[Place the following terms into the correct category:]]></prompt>
<choice list="Autobots"><![CDATA[Optimus Prime]]></choice>
<choice list="Autobots"><![CDATA[Bumblebee]]></choice>
<choice list="Autobots"><![CDATA[Ratchet]]></choice>
<choice list="Decepticons"><![CDATA[Megatron]]></choice>
<choice list="Decepticons"><![CDATA[Soundwave]]></choice>
<choice list="Decepticons"><![CDATA[Starscream]]></choice>
<feedbackCorrect><![CDATA[Congrats, you answered the questions correctly!]]></feedbackCorrect>
<feedbackIncorrect><![CDATA[Sorry, you need to check the answers.]]></feedbackIncorrect>
<review><![CDATA[]]></review>
</question>
</questionPool>
</test>