﻿<?xml version="1.0" encoding="UTF-8"?>
<test id="" showStatus="" timeLimit="0" maxAttempts="0">
<quizTitle><![CDATA[]]></quizTitle>
<introduction><![CDATA[get on with it!]]></introduction>
<passedMessage><![CDATA[You have passed the test with a score of %%score.]]></passedMessage>
<failedMessage><![CDATA[You have failed the test with a score of %%score.]]></failedMessage>
<incompleteMessage><![CDATA[You have not completed the test.]]></incompleteMessage>
<completedMessage><![CDATA[The test is complete.]]></completedMessage>
<attemptsMessage><![CDATA[]]></attemptsMessage>
<maxAttemptsReachedMessage><![CDATA[]]></maxAttemptsReachedMessage>
<indexLayout>vertical</indexLayout>
<revealAnswers>always</revealAnswers>
<restartable>false</restartable>
<checkQuestionVisible>false</checkQuestionVisible>
<exitButton visible=""><![CDATA[]]></exitButton>
<questionPool deliver="all" order="shuffle">
<question id="q0.0" type="QuestionTF" randomize="false" layout="stack">
<prompt><![CDATA[One plus One is Two]]></prompt>
<choice correct="true"><![CDATA[Two]]></choice>
<choice><![CDATA[Three]]></choice>
<feedbackCorrect><![CDATA[]]></feedbackCorrect>
<feedbackIncorrect><![CDATA[]]></feedbackIncorrect>
<review><![CDATA[]]></review>
</question>
<question id="q0.1" type="QuestionDragToList" randomize="false" layout="stack">
<prompt><![CDATA[Enter the question text here]]></prompt>
<choice><![CDATA[Distractor 1]]></choice>
<choice><![CDATA[Distractor 2]]></choice>
<feedbackCorrect><![CDATA[]]></feedbackCorrect>
<feedbackIncorrect><![CDATA[]]></feedbackIncorrect>
<review><![CDATA[]]></review>
</question>
<question id="q0.2" type="QuestionMatching" randomize="false" layout="stack">
<prompt><![CDATA[Enter the question text here]]></prompt>
<choiceA><![CDATA[Item text]]></choiceA>
<choiceB><![CDATA[Match text]]></choiceB>
<feedbackCorrect><![CDATA[]]></feedbackCorrect>
<feedbackIncorrect><![CDATA[]]></feedbackIncorrect>
<review><![CDATA[]]></review>
</question>
<question id="q0.3" type="QuestionRankInOrder" randomize="false" layout="stack">
<prompt><![CDATA[Enter the question text here]]></prompt>
<choice><![CDATA[Distractor 1]]></choice>
<choice><![CDATA[Distractor 2]]></choice>
<feedbackCorrect><![CDATA[]]></feedbackCorrect>
<feedbackIncorrect><![CDATA[]]></feedbackIncorrect>
<review><![CDATA[]]></review>
</question>
</questionPool>
</test>