﻿<?xml version="1.0" encoding="UTF-8"?>
<sco>
<page title="Introduction" fileName="Introduction.html" type="Information" id="1" contribute="n" contributeScore="99" contributePercentage="100" nav="n" template="">
<page title="Course objectives" fileName="parseObjectives.html" type="Information" id="57" contribute="n" contributeScore="100" contributePercentage="100" nav="n" template="" />
</page>
<page title="Content" fileName="newFile58.html" type="Information" id="58" contribute="n" contributeScore="100" contributePercentage="100" nav="n" template="">
<page title="Pages 1 &amp; 2" fileName="pages1_2.html" type="Information" id="59" contribute="n" contributeScore="100" contributePercentage="100" nav="n" template="" />
<page title="Pages 3 &amp; 4" fileName="pages3_4.html" type="Information" id="60" contribute="n" contributeScore="100" contributePercentage="100" nav="n" template="" />
<page title="Page 5" fileName="pages5.html" type="Information" id="61" contribute="n" contributeScore="100" contributePercentage="100" nav="n" template="">
<page title="parsePage5.html" fileName="parsePage5.html" type="Information" id="61" contribute="n" contributeScore="100" contributePercentage="100" nav="n" template="" />
</page></page>
<page title="Content a" fileName="newFile58.html" type="Information" id="58" contribute="n" contributeScore="100" contributePercentage="100" nav="n" template="" />
<page title="Content b" fileName="newFile58.html" type="Information" id="58" contribute="n" contributeScore="100" contributePercentage="100" nav="n" template="" />
<page title="Content c" fileName="newFile58.html" type="Information" id="58" contribute="n" contributeScore="100" contributePercentage="100" nav="n" template="" />
<page title="Content d" fileName="newFile58.html" type="Information" id="58" contribute="n" contributeScore="100" contributePercentage="100" nav="n" template="" />
<page title="Final Quiz" fileName="Quiz_1.html" type="Quiz" id="8" contribute="p" contributeScore="50" contributePercentage="100" nav="n" template="" />
<page title="Nested navigation" fileName="newFile58.html" type="Information" id="58" contribute="n" contributeScore="100" contributePercentage="100" nav="n" template="">
<page title="Content f" fileName="newFile58.html" type="Information" id="58" contribute="n" contributeScore="100" contributePercentage="100" nav="n" template="">
<page title="Content g" fileName="newFile58.html" type="Information" id="58" contribute="n" contributeScore="100" contributePercentage="100" nav="n" template="" />
</page>
<page title="Content h" fileName="newFile58.html" type="Information" id="58" contribute="n" contributeScore="100" contributePercentage="100" nav="n" template="">
<page title="Content i" fileName="newFile58.html" type="Information" id="58" contribute="n" contributeScore="100" contributePercentage="100" nav="n" template="" />
</page>
<page title="Content j" fileName="newFile58.html" type="Information" id="58" contribute="n" contributeScore="100" contributePercentage="100" nav="n" template="">
<page title="Content k" fileName="newFile58.html" type="Information" id="58" contribute="n" contributeScore="100" contributePercentage="100" nav="n" template="" />
</page>
<page title="Content l" fileName="newFile58.html" type="Information" id="58" contribute="n" contributeScore="100" contributePercentage="100" nav="n" template="">
<page title="Content m" fileName="newFile58.html" type="Information" id="58" contribute="n" contributeScore="100" contributePercentage="100" nav="n" template="">
<page title="Content n" fileName="newFile58.html" type="Information" id="58" contribute="n" contributeScore="100" contributePercentage="100" nav="n" template="">
<page title="Content o" fileName="newFile58.html" type="Information" id="58" contribute="n" contributeScore="100" contributePercentage="100" nav="n" template="">
<page title="Content p" fileName="newFile58.html" type="Information" id="58" contribute="n" contributeScore="100" contributePercentage="100" nav="n" template="" />
</page></page>
</page></page>
</page>
<page title="Summary" fileName="Summary.html" type="Summary" id="56" contribute="n" contributeScore="100" contributePercentage="100" nav="n" template="" />
<page title="Content q" fileName="newFile58.html" type="Information" id="58" contribute="n" contributeScore="100" contributePercentage="100" nav="n" template="">
<page title="Page q 5" fileName="pages5.html" type="Information" id="61" contribute="n" contributeScore="100" contributePercentage="100" nav="n" template="">
<page title="sub sub sub" fileName="subbysub.html" type="Information" id="61" contribute="n" contributeScore="100" contributePercentage="100" nav="n" template="" />
</page>
<page title="Pages q 3 &amp; 4" fileName="pages3_4.html" type="Information" id="60" contribute="n" contributeScore="100" contributePercentage="100" nav="n" template="" />
<page title="Pages q 1 &amp; 2" fileName="pages1_2.html" type="Information" id="59" contribute="n" contributeScore="100" contributePercentage="100" nav="n" template="" />
</page>
<page title="Content r" fileName="newFile58.html" type="Information" id="58" contribute="n" contributeScore="100" contributePercentage="100" nav="n" template="" />
<page title="Content s" fileName="newFile58.html" type="Information" id="58" contribute="n" contributeScore="100" contributePercentage="100" nav="n" template="" />
<page title="Content t" fileName="newFile58.html" type="Information" id="58" contribute="n" contributeScore="100" contributePercentage="100" nav="n" template="" />
<page title="Content u" fileName="newFile58.html" type="Information" id="58" contribute="n" contributeScore="100" contributePercentage="100" nav="n" template="">
<page title="Content v" fileName="newFile58.html" type="Information" id="58" contribute="n" contributeScore="100" contributePercentage="100" nav="n" template="" />
</page>
<page title="Content w" fileName="newFile58.html" type="Information" id="58" contribute="n" contributeScore="100" contributePercentage="100" nav="n" template="">
<page title="Content y" fileName="newFile58.html" type="Information" id="58" contribute="n" contributeScore="100" contributePercentage="100" nav="n" template="" />
</page>
<page title="Content x" fileName="newFile58.html" type="Information" id="58" contribute="n" contributeScore="100" contributePercentage="100" nav="n" template="">
<page title="Content z" fileName="newFile58.html" type="Information" id="58" contribute="n" contributeScore="100" contributePercentage="100" nav="n" template="" />
</page>
</sco>