<?xml version="1.0" encoding="UTF-8"?>
<sco>
	<page title="Introduction" fileName="Introduction.html" type="Information" id="1" contribute="n" contributeScore="99" contributePercentage="100" nav="n" template="" optimised="true" index="0">
		<page title="Course objectives" fileName="Objectives.html" type="Information" id="57" contribute="n" contributeScore="100" contributePercentage="100" nav="n" template="" optimised="true" index="1"/>
	</page>
	<page title="Content" fileName="newFile58.html" type="Information" id="58" contribute="n" contributeScore="100" contributePercentage="100" nav="n" template="" optimised="true" index="2">
		<page title="parsenewFile58" fileName="parsenewFile58.html" type="Information" id="74" contribute="n" contributeScore="100" contributePercentage="100" nav="n" template="" optimised="false" index="3"/>
		<page title="First tab" fileName="parsenewFile58_0_0.txt" type="Information" id="77" contribute="n" contributeScore="100" contributePercentage="100" nav="n" template="" optimised="false" index="4"/>
		<page title="Second tab" fileName="parsenewFile58_1.txt" type="Information" id="79" contribute="n" contributeScore="100" contributePercentage="100" nav="n" template="" optimised="false" index="5"/>
		<page title="Third tab" fileName="parsenewFile58_2.txt" type="Information" id="81" contribute="n" contributeScore="100" contributePercentage="100" nav="n" template="" optimised="false" index="6"/>
	</page>
	<page title="Content 2" fileName="page_75.txt" type="Information" id="75" contribute="n" contributeScore="100" contributePercentage="100" nav="n" template="" optimised="true" index="7"/>
	<page title="Test Quiz" fileName="page_72.txt" type="Test" id="72" contribute="p" contributeScore="100" contributePercentage="100" nav="n" template="" optimised="false" index="8"/>
	<page title="Final Quiz" fileName="Quiz_1.html" type="Quiz" id="8" contribute="p" contributeScore="50" contributePercentage="100" nav="n" template="" optimised="false" index="9"/>
	<page title="Summary" fileName="Summary.html" type="Summary" id="56" contribute="n" contributeScore="100" contributePercentage="100" nav="n" template="" optimised="false" index="10"/>
	<page title="Test Page" fileName="page_59.txt" type="Information" id="59" contribute="n" contributeScore="100" contributePercentage="100" nav="n" template="" optimised="false" index="11">
		<page title="Column 1" fileName="parsepage_59_0.txt" type="Information" id="65" contribute="n" contributeScore="100" contributePercentage="100" nav="n" template="" optimised="false" index="12"/>
		<page title="Column 2" fileName="parsepage_59_1.txt" type="Information" id="67" contribute="n" contributeScore="100" contributePercentage="100" nav="n" template="" optimised="false" index="13"/>
		<page title="Column 3" fileName="parsepage_59_2.txt" type="Information" id="69" contribute="n" contributeScore="100" contributePercentage="100" nav="n" template="" optimised="false" index="14"/>
		<page title="something" fileName="something.txt" type="Information" id="70" contribute="n" contributeScore="100" contributePercentage="100" nav="n" template="" optimised="false" index="15"/>
	</page>
</sco>
