{
    "images": [
        {
            "name": "additional_resources.png",
            "ext": "png",
            "width": 204,
            "height": 40
        },
        {
            "name": "AdobeStock_123862992_resized3.png",
            "ext": "png",
            "width": 427,
            "height": 260
        },
        {
            "name": "AdobeStock_22469994_resize.jpg",
            "ext": "jpg",
            "width": 208,
            "height": 312
        },
        {
            "name": "AdobeStock_44740641_edited.png",
            "ext": "png",
            "width": 340,
            "height": 340
        },
        {
            "name": "AdobeStock_48983159_resized.png",
            "ext": "png",
            "width": 208,
            "height": 312
        },
        {
            "name": "AdobeStock_65461749_edit2.png",
            "ext": "png",
            "width": 450,
            "height": 260
        },
        {
            "name": "AdobeStock_65461749_edit2_right.png",
            "ext": "png",
            "width": 427,
            "height": 285
        },
        {
            "name": "AdobeStock_74873930_resize.png",
            "ext": "png",
            "width": 700,
            "height": 350
        },
        {
            "name": "AdobeStock_85699795_edit.png",
            "ext": "png",
            "width": 208,
            "height": 312
        },
        {
            "name": "AdobeStock_96894255_edit3.png",
            "ext": "png",
            "width": 340,
            "height": 300
        },
        {
            "name": "APP_image.png",
            "ext": "png",
            "width": 340,
            "height": 340
        },
        {
            "name": "button_consultation_notes.png",
            "ext": "png",
            "width": 284,
            "height": 40
        },
        {
            "name": "medicare_number_warning.png",
            "ext": "png",
            "width": 390,
            "height": 56
        },
        {
            "name": "MyHealthRecord_logo_resized.png",
            "ext": "png",
            "width": 340,
            "height": 205
        },
        {
            "name": "shutterstock_143987701_resize.jpg",
            "ext": "jpg",
            "width": 208,
            "height": 312
        },
        {
            "name": "web_icon.png",
            "ext": "png",
            "width": 18,
            "height": 12
        },
        {
            "name": "web_icon2.png",
            "ext": "png",
            "width": 18,
            "height": 12
        }
    ]
}